city name,cloudiness,country,date,max_temp,humidity,lat,lng,wind_speed
Mataura,12,NZ,1644254715,43.48,99,-46.1927,168.8643,1.45
Kamennogorsk,100,RU,1644254716,32.81,97,60.9545,29.1339,6.49
Pevek,23,RU,1644254716,-27.02,98,69.7008,170.3133,2.24
Birin,96,NP,1644254717,44.24,78,26.8865,88.0718,0.74
Lompoc,0,US,1644254467,75.13,50,34.6391,-120.4579,3.44
Morwell,46,AU,1644254717,59.92,95,-38.2333,146.4,5.97
Hobart,11,AU,1644254717,60.26,79,-42.8794,147.3294,6.91
Mossamedes,37,AO,1644254718,75.18,71,-15.1961,12.1522,15.88
Portland,75,US,1644254518,45.21,93,45.5234,-122.6762,8.01
Castro,15,BR,1644254718,79.21,49,-24.7911,-50.0119,7.78
Dinguiraye,5,GN,1644254718,94.42,6,11.3,-10.7167,3.27
Bengkulu,73,ID,1644254719,75.79,87,-3.8004,102.2655,5.88
Punta Arenas,100,CL,1644254546,60.82,90,-53.15,-70.9167,5.75
Provideniya,2,RU,1644254719,-14.82,81,64.3833,-173.3,11.59
Kapaa,21,US,1644254594,70.2,73,22.0752,-159.319,1.01
Belyy Yar,23,RU,1644254720,-9.51,73,53.6039,91.3903,4.47
Qaqortoq,100,GL,1644254720,10.9,63,60.7167,-46.0333,42.88
Ponta Delgada,20,PT,1644254721,59.72,77,37.7333,-25.6667,11.5
Nikolskoye,100,RU,1644254721,34.88,98,59.7035,30.7861,6.46
Bluff,15,NZ,1644254605,43.81,87,-46.6,168.3333,5.91
Kloulklubed,86,PW,1644254721,81.1,79,7.0419,134.2556,22.39
Ixtapa,40,MX,1644254560,74.43,69,20.7,-105.2,0.0
Yangi Marg`ilon,100,UZ,1644254722,36.32,87,40.4272,71.7189,2.3
Arraial do Cabo,75,BR,1644254722,85.86,62,-22.9661,-42.0278,6.91
Coyhaique,0,CL,1644254723,77.61,31,-45.5752,-72.0662,11.5
Avarua,40,CK,1644254723,78.85,83,-21.2078,-159.775,13.8
Akdepe,18,TM,1644254723,35.6,56,42.0551,59.3788,8.9
Departamento de Maldonado,83,UY,1644254724,70.99,63,-34.6667,-54.9167,15.75
Carutapera,88,BR,1644254724,83.12,75,-1.195,-46.02,7.23
Isangel,100,VU,1644254724,79.68,85,-19.55,169.2667,26.69
Hilo,20,US,1644254638,67.24,88,19.7297,-155.09,5.99
Puerto Ayora,12,EC,1644254725,80.56,86,-0.7393,-90.3518,5.99
Vostok,100,RU,1644254725,-4.38,99,46.4856,135.8833,4.05
Busselton,92,AU,1644254599,59.04,78,-33.65,115.3333,5.39
Port Keats,89,AU,1644254726,80.69,83,-14.25,129.55,6.02
Saint-Philippe,100,RE,1644254726,78.39,88,-21.3585,55.7679,12.5
Santa Isabel Rio Negro,85,BR,1644254726,81.88,88,-0.4139,-65.0192,5.21
Darłowo,10,PL,1644254727,41.95,79,54.421,16.4107,24.61
Balabac,45,PH,1644254727,80.01,77,7.9868,117.0645,14.47
Praia da Vitória,20,PT,1644254728,64.65,68,38.7333,-27.0667,10.4
Tiksi,89,RU,1644254728,-24.47,99,71.6872,128.8694,7.85
Srandakan,100,ID,1644254728,76.8,85,-7.9386,110.2506,3.8
Carnarvon,0,AU,1644254729,73.47,64,-24.8667,113.6333,18.41
Gorin,88,RU,1644254729,-16.92,100,51.1983,136.6669,2.64
Chapais,100,CA,1644254729,10.18,87,49.7834,-74.8492,6.17
Barra do Garças,40,BR,1644254730,88.38,58,-15.89,-52.2567,4.47
Hermanus,46,ZA,1644254730,74.89,86,-34.4187,19.2345,4.83
Bubaque,39,GW,1644254731,78.51,64,11.2833,-15.8333,14.03
Cururupu,62,BR,1644254731,83.95,73,-1.8283,-44.8683,4.97
Jamestown,0,US,1644254731,38.52,55,42.097,-79.2353,12.66
Tuktoyaktuk,40,CA,1644254603,-34.6,67,69.4541,-133.0374,12.66
Port Alfred,0,ZA,1644254732,76.14,84,-33.5906,26.891,12.73
Magadan,48,RU,1644254732,-5.48,61,59.5667,150.8,10.71
Hambantota,100,LK,1644254732,77.97,77,6.1241,81.1185,3.51
Okha,100,RU,1644254733,10.54,93,53.5739,142.9478,18.05
Katsuura,52,JP,1644254733,41.18,52,35.1333,140.3,4.32
Marzuq,11,YE,1644254733,66.67,54,14.4,46.4667,2.71
Hobyo,76,SO,1644254734,77.4,72,5.3505,48.5268,19.86
Rikitea,11,PF,1644254541,78.4,75,-23.1203,-134.9692,12.97
Erdemli,51,TR,1644254734,51.42,65,36.605,34.3084,1.68
Ponta do Sol,8,PT,1644254735,65.12,61,32.6667,-17.1,10.0
Tasiilaq,100,GL,1644254616,26.76,54,65.6145,-37.6368,51.38
Kachug,100,RU,1644254735,7.79,97,53.9606,105.8817,2.77
Quatre Cocos,56,MU,1644254735,78.91,82,-20.2078,57.7625,9.35
Hasaki,95,JP,1644254736,34.29,49,35.7333,140.8333,6.49
Yellowknife,100,CA,1644254736,-2.58,90,62.456,-114.3525,13.8
Asău,100,RO,1644254737,45.39,72,46.4333,26.4,5.99
Thompson,100,CA,1644254604,8.76,85,55.7435,-97.8558,10.36
Pāli,0,IN,1644254737,66.94,50,25.7667,73.3333,4.94
Cape Town,0,ZA,1644254737,76.1,68,-33.9258,18.4232,16.11
Port Elizabeth,0,ZA,1644254738,72.1,78,-33.918,25.5701,5.75
Alice Springs,14,AU,1644254520,67.55,77,-23.7,133.8833,0.0
Little Current,100,CA,1644254738,32.41,91,45.9793,-81.9248,5.93
Ushuaia,0,AR,1644254706,69.46,49,-54.8,-68.3,8.05
New Norfolk,5,AU,1644254739,59.92,65,-42.7826,147.0587,1.41
Tigil',73,RU,1644254739,3.0,89,57.8,158.6667,4.07
Bariloche,0,AR,1644254740,82.24,19,-41.1456,-71.3082,12.66
Paamiut,100,GL,1644254710,6.08,89,61.994,-49.6678,28.39
Torbay,75,CA,1644254694,21.27,69,47.6666,-52.7314,10.36
Nanton,81,CA,1644254740,52.81,25,50.3501,-113.7687,33.04
Bambous Virieux,75,MU,1644254741,79.05,83,-20.3428,57.7575,5.75
Albany,100,US,1644254459,39.61,75,42.6001,-73.9662,5.75
Pangody,83,RU,1644254741,-8.07,97,65.85,74.4859,10.8
Pitsunda,77,GE,1644254741,37.58,57,43.1592,40.3378,13.18
Paramonga,55,PE,1644254742,75.54,67,-10.6667,-77.8333,10.38
Geraldton,0,AU,1644254665,64.81,63,-28.7667,114.6,13.8
Graham,100,US,1644254457,48.36,91,47.0529,-122.2943,7.0
Bredasdorp,78,ZA,1644254545,74.28,69,-34.5322,20.0403,8.39
Mar del Plata,75,AR,1644254742,68.02,71,-38.0023,-57.5575,18.41
George Town,20,MY,1644254743,78.89,93,5.4112,100.3354,0.0
Bograd,27,RU,1644254743,-11.45,96,54.2344,90.8328,4.41
Saint Paul Harbor,100,US,1644254743,26.11,68,57.79,-152.4072,4.61
Mahon,0,ES,1644254744,54.16,71,39.8885,4.2658,5.75
Lebu,3,CL,1644254744,66.31,71,-37.6167,-73.65,13.65
Yuzhnyy,0,RU,1644254744,16.18,57,53.2542,83.6936,4.47
Vao,64,NC,1644254745,80.15,86,-22.6667,167.4833,18.66
Souillac,75,MU,1644254745,79.18,83,-20.5167,57.5167,5.75
Qaanaaq,100,GL,1644254606,-0.51,69,77.484,-69.3632,7.29
Moose Factory,0,CA,1644254691,-0.4,78,51.2585,-80.6094,5.75
Bethel,100,US,1644254637,36.73,87,41.3712,-73.414,4.61
Kez,100,RU,1644254746,13.55,98,57.8979,53.7152,3.8
Lensk,100,RU,1644254746,-3.71,100,60.7253,114.9278,1.97
Lüderitz,6,NA,1644254747,75.33,65,-26.6481,15.1594,3.85
San Patricio,63,US,1644254617,63.01,55,28.017,-97.5169,14.0
Avilés,75,ES,1644254747,57.72,80,43.5547,-5.9248,3.44
Yārāda,20,IN,1644254747,73.72,83,17.65,83.2667,2.3
Faya,2,SA,1644254544,57.31,70,18.3851,42.4509,3.89
Hong Kong,94,HK,1644254451,65.25,83,22.2855,114.1577,8.01
Barrow,0,US,1644254523,-27.38,62,71.2906,-156.7887,8.05
Kuytun,100,RU,1644254748,13.98,94,54.3419,101.5036,6.02
Mehamn,0,NO,1644254749,26.78,73,71.0357,27.8492,18.41
Panji,100,ID,1644254749,76.89,89,-7.7253,114.0995,3.89
Sumter,55,US,1644254749,55.42,56,28.7086,-82.0831,5.06
Sung Noen,94,TH,1644254750,85.66,50,14.8992,101.8207,3.04
Fairbanks,100,US,1644254750,-2.24,77,64.8378,-147.7164,4.61
Leningradskiy,6,RU,1644254637,-29.34,99,69.3833,178.4167,5.41
Mahanoro,99,MG,1644254751,80.26,85,-19.9,48.8,9.53
Zhangaözen,72,KZ,1644254751,31.26,81,43.3,52.8,8.25
Manisa Province,74,TR,1644254494,47.05,67,38.8333,28.1667,7.38
Inhambane,75,MZ,1644254751,76.98,88,-23.865,35.3833,16.11
Berlevåg,0,NO,1644254752,22.95,74,70.8578,29.0864,26.46
Cidreira,0,BR,1644254632,77.65,43,-30.1811,-50.2056,15.43
Priargunsk,85,RU,1644254752,-19.75,100,50.3691,119.1012,1.14
High Level,75,CA,1644254722,32.11,93,58.5169,-117.136,2.3
Najrān,5,SA,1644254753,61.45,27,17.4924,44.1277,7.14
Soyo,7,AO,1644254753,82.45,77,-6.1349,12.3689,13.67
Faanui,98,PF,1644254754,81.3,75,-16.4833,-151.75,19.8
Saskylakh,92,RU,1644254754,-12.15,94,71.9167,114.0833,11.39
Nísia Floresta,47,BR,1644254754,88.61,47,-6.0911,-35.2086,12.5
Pangnirtung,75,CA,1644254755,-29.2,68,66.1451,-65.7125,3.44
Puerto Madryn,0,AR,1644254456,87.01,21,-42.7692,-65.0385,22.24
Auki,100,SB,1644254755,79.34,88,-8.7676,160.7034,9.22
Tambopata,75,PE,1644254756,78.69,78,-12.7333,-69.1833,3.44
Makkah al Mukarramah,4,SA,1644254756,74.98,33,21.4267,39.8261,3.24
Vaini,100,TO,1644254604,79.32,81,-21.2,-175.2,25.41
Ahipara,100,NZ,1644254588,72.45,98,-35.1667,173.1667,5.73
Suoyarvi,100,RU,1644254757,25.5,97,62.0833,32.35,6.69
Zhigansk,66,RU,1644254757,-33.92,98,66.7697,123.3711,9.35
Kaitangata,27,NZ,1644254757,51.93,86,-46.2817,169.8464,2.75
Halifax,75,CA,1644254510,36.09,78,44.6453,-63.5724,10.36
Airai,90,TL,1644254758,61.5,92,-8.9266,125.4092,1.63
Codrington,0,AU,1644254758,61.79,65,-38.2667,141.9667,10.6
Nizhneangarsk,100,RU,1644254759,9.64,96,55.7833,109.55,3.53
Fortuna,100,US,1644254615,43.14,100,40.5982,-124.1573,6.91
Mount Isa,75,AU,1644254759,73.17,83,-20.7333,139.5,4.61
Ust-Nera,22,RU,1644254759,-27.49,76,64.5667,143.2,0.69
Atuona,26,PF,1644254760,78.57,75,-9.8,-139.0333,19.19
Port Hardy,75,CA,1644254760,45.75,93,50.6996,-127.4199,4.61
Sorong,53,ID,1644254760,78.78,82,-0.8833,131.25,4.27
Pontal do Paraná,44,BR,1644254761,92.41,69,-25.6533,-48.5128,8.01
Mount Gambier,0,AU,1644254761,62.51,59,-37.8333,140.7667,8.05
São Lourenço do Sul,29,BR,1644254642,80.65,50,-31.3653,-51.9783,15.14
Sept-Îles,100,CA,1644254762,19.06,72,50.2001,-66.3821,4.61
Qiongshan,100,CN,1644254762,69.78,100,20.0058,110.3542,11.18
Ribeira Grande,40,PT,1644254762,63.0,67,38.5167,-28.7,16.11
Butaritari,92,KI,1644254763,81.66,76,3.0707,172.7902,16.62
Bathsheba,40,BB,1644254763,84.81,61,13.2167,-59.5167,21.85
Vila Franca do Campo,68,PT,1644254763,59.41,69,37.7167,-25.4333,9.44
Port Blair,40,IN,1644254764,78.84,78,11.6667,92.75,8.05
Cherskiy,27,RU,1644254764,-33.81,100,68.75,161.3,0.87
Walvis Bay,97,NA,1644254765,83.35,54,-22.9575,14.5053,12.66
Greensboro,100,US,1644254540,34.88,81,36.0726,-79.792,6.91
Mozarlândia,100,BR,1644254765,77.04,84,-14.7447,-50.5706,0.58
Sakaiminato,75,JP,1644254766,37.38,93,35.55,133.2333,4.61
Nome,0,US,1644254766,-9.33,54,64.5011,-165.4064,17.27
Río Gallegos,0,AR,1644254766,82.45,20,-51.6226,-69.2181,20.71
Antalaha,96,MG,1644254767,77.63,89,-14.9003,50.2788,0.96
La Asuncion,64,VE,1644254767,85.73,66,11.0333,-63.8628,16.11
Huallanca,100,PE,1644254768,56.25,62,-9.8993,-76.9417,6.31
Borås,0,SE,1644254592,36.55,79,57.721,12.9401,5.48
Dikson,100,RU,1644254768,-3.5,93,73.5069,80.5464,27.29
Mongo,2,TD,1644254769,81.27,12,12.1844,18.693,8.34
Hanchuan,64,CN,1644254769,33.91,92,30.65,113.7667,7.4
Calama,20,CL,1644254769,77.49,9,-22.4667,-68.9333,21.85
Husavik,83,IS,1644254650,30.11,60,66.0449,-17.3389,18.77
Marsá Maţrūḩ,12,EG,1644254770,61.07,55,31.3525,27.2453,4.27
Khovd,3,MN,1644254770,-11.99,73,48.0056,91.6419,2.44
Kurchum,53,KZ,1644254771,3.18,83,48.5722,83.6542,3.76
Marsh Harbour,0,BS,1644254771,75.09,67,26.5412,-77.0636,11.52
Nikol'sk,99,RU,1644254771,21.58,95,53.7189,46.0712,7.02
Ettaiyapuram,48,IN,1644254772,77.79,69,9.1441,77.9907,4.52
Ancud,53,CL,1644254772,74.73,62,-41.8697,-73.8203,8.86
Pont-Rouge,100,CA,1644254750,26.58,81,46.7566,-71.6978,2.73
Hervey Bay,56,AU,1644254773,66.31,76,-25.2986,152.8535,17.72
Sur,0,OM,1644254773,69.22,61,22.5667,59.5289,4.61
Norman Wells,75,CA,1644254765,-20.16,69,65.282,-126.8329,17.27
Hoa Binh,88,VN,1644254771,68.22,85,20.8133,105.3383,2.95
Lhokseumawe,99,ID,1644254774,76.75,84,5.1801,97.1507,4.65
Lavrentiya,15,RU,1644254774,-27.69,91,65.5833,-171.0,11.9
Ampanihy,100,MG,1644254774,80.28,69,-24.7,44.75,21.18
Nuuk,100,GL,1644254775,2.88,85,64.1835,-51.7216,15.99
Beringovskiy,26,RU,1644254644,-20.47,96,63.05,179.3167,10.89
Boueni,97,YT,1644254775,76.98,75,-12.9025,45.0761,8.66
East London,0,ZA,1644254629,76.14,88,-33.0153,27.9116,12.66
Pedernales,11,DO,1644254776,81.52,60,18.0384,-71.744,4.74
Guerrero Negro,0,MX,1644254776,64.89,33,27.9769,-114.0611,0.67
Yerbogachën,100,RU,1644254776,-20.56,100,61.2767,108.0108,3.74
Port Lincoln,48,AU,1644254777,76.78,47,-34.7333,135.8667,14.32
Marystown,82,CA,1644254777,28.85,100,47.1666,-55.1483,7.0
Camaçari,40,BR,1644254777,87.57,53,-12.6975,-38.3242,11.27
Caravelas,79,BR,1644254763,85.86,60,-17.7125,-39.2481,9.15
Nemuro,26,JP,1644254778,21.02,79,43.3236,145.575,6.76
Haines Junction,83,CA,1644254677,10.13,97,60.7522,-137.5108,4.34
Muravlenko,51,RU,1644254778,-9.31,98,63.7898,74.523,10.56
Grand Falls,100,CA,1644254779,25.45,91,47.0461,-67.7418,8.28
South Kazakhstan Region,100,KZ,1644254779,34.56,71,43.0,68.0,6.91
Hithadhoo,85,MV,1644254780,82.56,70,-0.6,73.0833,15.97
Esperance,28,AU,1644254607,62.44,68,-33.8667,121.9,21.92
Atar,92,MR,1644254780,90.32,6,20.5169,-13.0499,8.08
Bodmin,96,GB,1644254781,50.85,95,50.4715,-4.7243,12.66
Sinnamary,89,GF,1644254781,82.13,74,5.3833,-52.95,9.4
Mahébourg,75,MU,1644254781,79.09,83,-20.4081,57.7,5.75
Thessalon,100,CA,1644254782,27.36,88,46.2501,-83.5666,7.81
Bayir,89,TR,1644254641,52.32,96,37.2687,28.2167,8.23
Skawina,75,PL,1644254782,36.52,80,49.9752,19.8287,9.22
Korampallam,58,IN,1644254782,78.91,73,8.7667,78.1,8.86
Cabedelo,88,BR,1644254783,88.47,59,-6.9811,-34.8339,10.33
Belmonte,21,BR,1644254783,84.7,62,-15.8631,-38.8828,10.25
Semnan,20,IR,1644254783,44.44,39,35.5729,53.3971,2.3
Rome,0,US,1644254784,39.09,61,43.2128,-75.4557,9.22
Nekrasovka,0,RU,1644254784,-7.58,77,48.3525,135.2325,0.0
Camopi,78,GF,1644254784,81.12,83,3.1655,-52.3158,3.96
Kahului,0,US,1644254785,73.85,79,20.8947,-156.47,14.97
San Quintín,0,MX,1644254785,65.1,27,30.4833,-115.95,0.83
Kuala Terengganu,40,MY,1644254785,78.75,94,5.3302,103.1408,3.44
Flin Flon,40,CA,1644254786,17.44,79,54.7682,-101.865,8.05
Kiryat Gat,1,IL,1644254786,58.41,100,31.61,34.7642,1.79
Mhango,100,TZ,1644254786,64.53,89,-3.2833,32.85,4.14
Khatanga,100,RU,1644254787,-19.19,97,71.9667,102.5,10.45
Makakilo City,0,US,1644254658,71.92,69,21.3469,-158.0858,10.36
Healesville,0,AU,1644254787,61.99,76,-37.65,145.5167,2.59
Adrar,92,MR,1644254788,82.9,6,20.5022,-10.0711,10.58
Grand-Santi,90,GF,1644254788,86.38,63,4.25,-54.3833,3.96
Constitución,39,CL,1644254788,70.18,62,-35.3333,-72.4167,6.96
Touros,44,BR,1644254789,88.7,55,-5.1989,-35.4608,14.88
Şırnak,5,TR,1644254789,25.68,77,37.5228,42.4594,5.79
Pidigan,82,PH,1644254789,72.32,84,17.57,120.5903,3.18
Kavieng,97,PG,1644254591,81.39,79,-2.5744,150.7967,5.64
Rocha,74,UY,1644254790,71.94,58,-34.4833,-54.3333,16.24
Broken Hill,64,AU,1644254790,71.31,33,-31.95,141.4333,8.05
São João da Barra,4,BR,1644254791,87.89,80,-21.6403,-41.0511,15.19
Wanning,63,CN,1644254791,69.6,94,18.8003,110.3967,3.87
Meadow Lake,0,US,1644254792,38.16,63,34.8014,-106.5436,4.97
Margate,10,GB,1644254792,48.9,65,51.3813,1.3862,4.0
Saldanha,52,ZA,1644254617,66.63,89,-33.0117,17.9442,15.39
Atikokan,96,CA,1644254793,7.21,89,48.7555,-91.6216,4.99
Korla,95,CN,1644254793,25.79,45,41.7597,86.1469,4.0
Ukiah,0,US,1644254793,57.65,69,39.1502,-123.2078,0.0
Narsaq,100,GL,1644254794,10.62,53,60.9167,-46.05,32.86
Charters Towers,95,AU,1644254794,70.41,84,-20.1,146.2667,7.34
Coffs Harbour,40,AU,1644254632,64.36,82,-30.3,153.1333,12.66
Ulladulla,79,AU,1644254794,62.87,86,-35.35,150.4667,6.13
Bandarbeyla,46,SO,1644254795,75.94,69,9.4942,50.8122,18.95
Larsnes,98,NO,1644254795,42.01,83,62.2028,5.5773,13.09
Morondava,100,MG,1644254795,81.32,82,-20.2833,44.2833,20.92
Camabatela,77,AO,1644254796,69.71,75,-8.1881,15.375,2.35
Mitsamiouli,40,KM,1644254796,82.69,83,-11.3847,43.2844,11.5
College,100,US,1644254797,-2.25,76,64.8569,-147.8028,4.61
Lumphat,92,KH,1644254797,78.42,66,13.4878,106.9816,5.28
Iqaluit,100,CA,1644254797,-15.07,76,63.7506,-68.5145,10.36
Merrillville,40,US,1644254669,24.94,74,41.4828,-87.3328,11.5
Saint George,0,US,1644254667,50.47,35,37.1041,-113.5841,6.91
Bitkine,4,TD,1644254798,81.28,12,11.9801,18.2138,7.63
Petropavlovsk-Kamchatskiy,75,RU,1644254798,25.39,100,53.0452,158.6483,8.95
Port Moresby,20,PG,1644254799,74.62,94,-9.4431,147.1797,3.44
Fort Nelson,75,CA,1644254799,24.39,93,58.8053,-122.7002,0.0
Atasū,100,KZ,1644254799,19.94,89,48.6814,71.6433,10.13
Örnsköldsvik,12,SE,1644254800,22.15,93,63.2909,18.7153,6.91
Ubari,20,LY,1644254800,64.42,13,26.5921,12.7805,8.63
Severo-Kuril'sk,80,RU,1644254702,28.98,84,50.6789,156.125,3.76
Longyearbyen,100,SJ,1644254801,17.44,79,78.2186,15.6401,3.44
Srednekolymsk,59,RU,1644254801,-40.67,100,67.45,153.6833,4.59
Seymchan,36,RU,1644254801,-38.29,99,62.8833,152.4333,0.76
Duluth,100,US,1644254589,17.08,66,46.7833,-92.1066,10.36
Coquimbo,75,CL,1644254613,67.73,68,-29.9533,-71.3436,9.22
Krasnopillya,100,UA,1644254802,33.62,99,50.7746,35.2597,12.53
Sumbuya,85,SL,1644254802,92.52,38,7.6467,-11.9611,7.63
Natitingou,18,BJ,1644254803,93.33,10,10.3042,1.3796,6.29
Ugoofaaru,20,MV,1644254703,80.73,74,5.6667,73.0,12.66
Padang,88,ID,1644254611,77.31,80,-0.9492,100.3543,3.29
Camacha,40,PT,1644254803,62.02,72,33.0833,-16.3333,16.11
Kalmunai,100,LK,1644254616,77.45,82,7.4167,81.8167,9.53
Uray,72,RU,1644254804,2.61,98,60.1247,64.7758,6.46
Fuerte Olimpo,56,PY,1644254804,94.62,20,-21.0415,-57.8738,7.47
Broome,0,US,1644254804,38.32,64,42.2506,-75.833,8.05
Kusa,99,RU,1644254805,9.93,97,55.3383,59.4406,3.27
Gizo Government Station,100,SB,1644254805,82.67,80,-8.103,156.8419,11.83
Apatity,100,RU,1644254806,14.04,95,67.5641,33.4031,6.26
Chipiona,0,ES,1644254806,68.18,52,36.7366,-6.437,10.36
Praia,0,CV,1644254806,79.34,53,14.9215,-23.5087,16.11
Flinders,46,AU,1644254807,63.05,81,-34.5833,150.8552,7.9
Springbok,71,ZA,1644254807,82.24,26,-29.6643,17.8865,9.93
Comodoro Rivadavia,0,AR,1644254807,89.46,19,-45.8667,-67.5,12.66
Winnemucca,0,US,1644254808,40.1,48,40.973,-117.7357,8.05
Grindavik,75,IS,1644254752,32.47,74,63.8424,-22.4338,37.98
Henties Bay,93,NA,1644254808,72.86,81,-22.116,14.2845,12.93
Udachny,98,RU,1644254809,-22.41,100,66.4167,112.4,4.85
Pisco,20,PE,1644254809,72.01,88,-13.7,-76.2167,8.05
Gambo,65,CF,1644254809,81.19,21,4.6482,22.2633,1.23
Novaya Lyada,96,RU,1644254810,30.36,96,52.7131,41.6387,12.17
San Ignacio,75,BZ,1644254810,77.14,73,17.1561,-89.0714,3.44
Aswān,0,EG,1644254810,67.37,20,24.0934,32.907,12.1
Tai’an,100,CN,1644254811,35.37,35,36.1853,117.12,2.15
Gigmoto,56,PH,1644254811,78.39,86,13.7796,124.39,14.41
Chokurdakh,95,RU,1644254811,-44.66,100,70.6333,147.9167,5.12
Opuwo,99,NA,1644254812,74.23,60,-18.0607,13.84,1.07
Malakal,11,SS,1644254812,80.22,16,9.5334,31.6605,5.59
Manaure,39,CO,1644254812,85.05,60,11.7751,-72.4445,8.34
Gmina Świecie,55,PL,1644254813,38.8,75,53.4095,18.4474,15.1
Santa Cruz del Sur,5,CU,1644254813,84.47,43,20.7147,-77.9956,11.83
The Valley,20,AI,1644254814,82.26,61,18.217,-63.0578,16.11
York,0,US,1644254814,43.21,61,40.1254,-77.0,5.75
San Fernando del Valle de Catamarca,12,AR,1644254682,85.77,41,-28.4696,-65.7852,3.0
Semīrom,2,IR,1644254814,21.78,74,31.4167,51.5667,2.66
Labuhan,96,ID,1644254719,78.66,83,-6.8844,112.2051,8.79
Nanortalik,100,GL,1644254620,12.6,71,60.1432,-45.2371,49.57
Vikārābād,21,IN,1644254815,71.19,46,17.3333,77.9,6.82
Lingao,67,CN,1644254815,68.58,94,19.9103,109.6859,14.25
Belmira,92,CO,1644254816,61.27,72,6.6051,-75.6662,0.49
Cap Malheureux,58,MU,1644254816,79.29,84,-19.9842,57.6142,3.0
Jalu,24,LY,1644254816,64.35,24,29.0331,21.5482,3.0
Yar-Sale,100,RU,1644254817,2.61,89,66.8333,70.8333,14.92
Ankang,53,CN,1644254569,39.65,66,32.68,109.0172,3.62
Itarema,79,BR,1644254817,87.62,59,-2.9248,-39.9167,12.95
Vero Beach,100,US,1644254817,74.05,82,27.6386,-80.3973,4.61
Diré,42,ML,1644254818,98.91,5,12.2833,-10.9667,5.64
Grândola,17,PT,1644254818,68.36,34,38.1772,-8.5668,9.17
Namatanai,100,PG,1644254591,79.52,84,-3.6667,152.4333,3.8
Hilotongan,19,PH,1644254819,79.79,81,11.144,123.6426,15.26
Miyako,41,JP,1644254819,27.03,65,39.6367,141.9525,2.77
Ambon City,40,ID,1644254819,77.14,94,-3.6954,128.1814,2.3
Burnie,89,AU,1644254820,61.95,76,-41.0667,145.9167,13.18
Maragogi,20,BR,1644254820,85.78,56,-9.0122,-35.2225,11.48
Shahr-e Bābak,0,IR,1644254820,43.66,35,30.1165,55.1186,5.55
Yekimovichi,100,RU,1644254821,32.99,99,54.1129,33.2965,7.9
Salta,100,AR,1644254821,69.58,70,-24.7859,-65.4117,10.36
Kaniama,98,CD,1644254821,68.36,93,-7.5667,24.1833,2.86
Iquique,100,CL,1644254822,71.64,65,-20.2208,-70.1431,10.49
Shimoda,84,JP,1644254822,39.11,86,34.6667,138.95,9.93
Dingle,17,PH,1644254822,75.63,89,10.9995,122.6711,8.99
Tselinnoye,100,RU,1644254823,1.94,99,53.0833,85.6667,2.8
Sitka,100,US,1644254823,39.09,75,57.0531,-135.33,6.91
Aykhal,98,RU,1644254824,-24.09,100,66.0,111.5,7.58
Morgan City,0,US,1644254824,51.8,53,29.6994,-91.2068,10.36
Clyde River,0,CA,1644254616,-36.17,67,70.4692,-68.5914,4.61
Jaciara,93,BR,1644254709,80.83,77,-15.9653,-54.9683,2.64
Liku,100,ID,1644254825,75.74,84,-0.7275,119.8922,1.74
Chui,75,UY,1644254653,73.11,60,-33.6971,-53.4616,14.99
Singaraja,100,ID,1644254825,81.97,88,-8.112,115.0882,6.82
Havøysund,99,NO,1644254532,29.28,84,70.9963,24.6622,14.88
Daulatpur,0,PK,1644254826,64.49,33,26.5015,67.9706,1.54
Shepsi,100,RU,1644254826,43.92,65,44.0361,39.1489,17.92
Tura,6,IN,1644254827,53.62,72,25.5198,90.2201,3.06
Benguela,89,AO,1644254827,79.11,67,-12.5763,13.4055,6.08
West Warwick,100,US,1644254683,40.05,93,41.6969,-71.5219,3.44
Vysokogornyy,96,RU,1644254828,-10.73,100,50.1167,139.15,3.67
Boa Vista,75,BR,1644254828,89.58,45,2.8197,-60.6733,14.97
Port Macquarie,76,AU,1644254597,59.9,78,-31.4333,152.9167,8.61
Buala,100,SB,1644254829,81.25,82,-8.145,159.5921,10.18
Methóni,83,GR,1644254829,59.22,80,36.8197,21.7049,22.82
Lere,89,NG,1644254829,84.47,12,10.387,8.5726,8.14
Hofn,98,IS,1644254830,32.61,69,64.2539,-15.2082,33.4
Cabo San Lucas,0,MX,1644254782,74.61,54,22.8909,-109.9124,0.0
Shelburne,45,CA,1644254622,32.67,80,44.0787,-80.2041,13.91
Mandera,47,KE,1644254830,88.92,22,3.9366,41.867,10.25
Sovetskaya,100,RU,1644254831,32.81,79,44.7769,41.1722,9.71
Saquarema,100,BR,1644254831,86.04,81,-22.92,-42.5103,7.43
Erie,100,US,1644254831,38.46,57,42.7667,-78.6664,5.01
Samut Prakan,75,TH,1644254832,88.07,75,13.5,100.45,11.12
Talnakh,51,RU,1644254832,-23.01,95,69.4865,88.3972,6.89
Sol'-Iletsk,100,RU,1644254832,19.87,97,51.1631,54.9918,6.31
Chara,73,RU,1644254833,-13.7,75,56.9064,118.2631,1.19
Tahoua,1,NE,1644254833,84.18,6,14.8888,5.2692,9.22
Pasān,5,IN,1644254833,56.93,28,22.85,82.2,1.57
Atlautla,38,MX,1644254834,64.85,41,19.0167,-98.7833,6.51
Lorengau,97,PG,1644254834,81.09,81,-2.0226,147.2712,4.32
Oistins,40,BB,1644254629,84.29,61,13.0667,-59.5333,21.85
Tashtyp,63,RU,1644254835,7.29,92,52.7939,89.8983,5.12
Preston,100,GB,1644254835,52.74,93,53.7667,-2.7167,1.99
Cuicatlan,13,MX,1644254835,78.24,49,17.8,-96.9667,4.68
Sittwe,11,MM,1644254624,64.83,61,20.15,92.9,13.29
Meulaboh,100,ID,1644254836,76.62,83,4.1363,96.1285,4.92
Elena,100,BG,1644254836,46.83,78,42.9333,25.8833,0.69
Salamanca,2,ES,1644254837,54.99,61,40.8333,-6.0,10.22
Porto Santo,40,PT,1644254737,64.78,72,33.072,-16.3415,16.11
Ban Nahin,69,LA,1644254837,72.46,56,18.2418,104.2122,3.13
Rudnogorsk,100,RU,1644254838,11.23,97,57.2639,103.7519,1.9
Coahuayana Viejo,53,MX,1644254838,85.48,25,18.7333,-103.6833,4.25
Seydi,98,TM,1644254838,41.83,53,39.4816,62.9137,8.97
Loknya,100,RU,1644254839,32.41,91,56.83,30.1467,9.04
Ayakudi,18,IN,1644254839,73.74,66,10.45,77.55,1.12
Waddān,99,LY,1644254840,65.32,17,29.1614,16.139,7.02
Tigzirt,0,DZ,1644254840,54.25,75,36.8886,4.1198,4.16
Nouadhibou,58,MR,1644254840,71.58,68,20.931,-17.0347,12.66
Knyaze-Volkonskoye,98,RU,1644254841,-7.26,100,48.4642,135.4567,3.62
Smolenka,93,RU,1644254841,1.47,85,52.1352,113.4974,0.0
Raudeberg,100,NO,1644254748,41.2,90,61.9875,5.1352,13.0
Chicama,95,PE,1644254842,68.54,54,-7.8447,-79.1469,9.51
Seoul,40,KR,1644254842,27.84,72,37.5683,126.9778,2.3
Quelimane,75,MZ,1644254842,78.75,89,-17.8786,36.8883,3.44
Córdoba,20,AR,1644254701,85.42,43,-31.4135,-64.1811,10.36
Borba,100,BR,1644254843,82.04,85,-4.3878,-59.5939,0.76
Ajdabiya,33,LY,1644254843,60.24,50,30.7554,20.2263,5.44
Wiarton,100,CA,1644254844,34.39,80,44.7407,-81.1332,8.05
Christchurch,75,NZ,1644254551,59.92,84,-43.5333,172.6333,3.44
Lakes Entrance,59,AU,1644254844,53.17,90,-37.8811,147.981,6.87
Āsosa,80,ET,1644254679,69.8,27,10.0667,34.5333,3.71
Kruisfontein,43,ZA,1644254844,69.89,43,-34.0033,24.7314,5.53
Prince Rupert,100,CA,1644254678,41.09,93,54.3161,-130.3201,8.05
Sibu,40,MY,1644254845,75.51,94,2.3,111.8167,3.44
Grand Forks,20,US,1644254845,13.93,81,47.9417,-97.4337,18.41
Aksu,32,CN,1644254846,24.87,57,41.1231,80.2644,4.0
Camargo,34,MX,1644254846,47.23,34,27.6667,-105.1667,11.25
Nyurba,100,RU,1644254846,-11.2,97,63.2842,118.3319,6.53
Novyi Yarychiv,100,UA,1644254847,34.93,97,49.9044,24.3052,12.84
Cao Bang,100,VN,1644254847,58.26,98,22.6667,106.25,2.17
Pendleton,0,US,1644254847,54.91,51,45.6721,-118.7886,11.5
Dumas,0,US,1644254848,46.11,52,35.8656,-101.9732,18.41
North Bend,100,US,1644254783,46.87,96,43.4065,-124.2243,8.05
‘Ewa Beach,0,US,1644254848,73.35,69,21.3156,-158.0072,17.0
Tuatapere,3,NZ,1644254849,43.83,91,-46.1333,167.6833,3.91
Upernavik,100,GL,1644254849,-6.9,95,72.7868,-56.1549,10.78
Cayenne,75,GF,1644254849,86.04,81,4.9333,-52.3333,12.66
Feijó,99,BR,1644254850,78.03,91,-8.1642,-70.3536,4.21
Aklavik,75,CA,1644254850,-29.2,62,68.2191,-135.0107,11.5
Pinega,84,RU,1644254850,11.23,93,64.7001,43.3936,7.83
Peniche,0,PT,1644254851,69.75,57,39.3558,-9.3811,10.11
San Isidro,0,PE,1644254833,81.01,58,-12.1167,-77.05,8.05
Puerto El Triunfo,9,SV,1644254851,91.56,50,13.2833,-88.55,7.63
Medvezh'yegorsk,100,RU,1644254852,22.55,96,62.9167,34.4667,6.71
Santo Domingo,40,DO,1644254852,83.88,78,18.5001,-69.9886,5.01
Ōdachō-ōda,100,JP,1644254852,39.36,63,35.1833,132.5,3.89
Roald,75,NO,1644254853,42.33,75,62.5833,6.1333,11.5
Vaasa,100,FI,1644254853,27.28,93,63.096,21.6158,5.75
Kasongo-Lunda,97,CD,1644254853,75.63,82,-6.4667,16.8167,2.98
Lebyazh'ye,18,RU,1644254854,6.87,98,55.2689,66.4947,7.4
Vanimo,100,PG,1644254854,77.72,84,-2.6741,141.3028,1.14
Luanda,0,AO,1644254854,82.4,61,-8.8368,13.2343,10.36
Cody,0,US,1644254633,44.82,33,44.5263,-109.0565,9.22
Half Moon Bay,0,US,1644254855,58.96,81,37.4636,-122.4286,4.61
Teahupoo,99,PF,1644254591,73.36,76,-17.8333,-149.2667,20.45
Nachingwea,98,TZ,1644254855,74.1,80,-10.3833,38.7667,3.31
Tawang Town,99,IN,1644254856,28.38,93,27.5833,91.8667,1.95
Mirandopólis,11,BR,1644254697,85.77,55,-21.1336,-51.1017,5.97
Yulara,100,AU,1644254856,80.44,39,-25.2406,130.9889,0.0
Matagami,0,CA,1644254857,6.91,85,49.7502,-77.6328,2.3
Dzhebariki-Khaya,62,RU,1644254857,-36.83,100,62.2167,135.8,0.18
Ludvika,4,SE,1644254711,31.33,76,60.1496,15.1878,6.4
Verkhnetulomskiy,100,RU,1644254857,21.33,95,68.6073,31.7962,4.72
Rabo de Peixe,20,PT,1644254785,58.51,77,37.8,-25.5833,11.5
Ambilobe,76,MG,1644254858,75.47,92,-13.2,49.05,3.27
Gwadar,0,PK,1644254858,69.91,61,25.1216,62.3254,12.53
Taltal,3,CL,1644254859,71.19,66,-25.4,-70.4833,6.4
Conakry,6,GN,1644254859,87.87,58,9.538,-13.6773,16.11
Hīt,6,IQ,1644254859,55.47,55,33.6416,42.8251,6.76
Mumford,79,GH,1644254860,82.11,75,5.2618,-0.759,13.09
Kiruna,0,SE,1644254856,9.52,92,67.8557,20.2251,6.91
Soanierana Ivongo,86,MG,1644254860,79.39,83,-16.9167,49.5833,5.77
Vila Velha,40,BR,1644254860,85.95,74,-20.3297,-40.2925,11.5
Puerto Limón,20,CR,1644254861,82.29,65,10.0,-83.0333,4.61
Pacific Grove,0,US,1644254861,59.31,71,36.6177,-121.9166,3.44
Alcanena,1,PT,1644254861,67.28,39,39.459,-8.6689,2.89
Chapada dos Guimarães,80,BR,1644254862,80.26,74,-15.4606,-55.7497,0.96
Puerto del Rosario,0,ES,1644254862,69.48,83,28.5004,-13.8627,12.66
Tiarei,100,PF,1644254733,78.82,77,-17.5333,-149.3333,20.58
Aras,40,ES,1644254863,48.61,62,42.5617,-2.356,8.05
Rawson,0,AR,1644254782,88.68,19,-43.3002,-65.1023,17.29
Kozhva,100,RU,1644254863,8.56,84,65.1073,57.0459,7.87
Poya,100,NC,1644254863,78.87,92,-21.35,165.15,11.95
Porto Torres,43,IT,1644254864,55.58,64,40.835,8.3972,12.28
Luwuk,93,ID,1644254864,76.23,81,-0.9516,122.7875,2.91
Ørnes,98,NO,1644254864,30.31,94,66.8689,13.7078,6.17
Palmer,100,US,1644254865,38.73,80,42.1584,-72.3287,3.8
Hamilton,0,US,1644254787,41.65,67,39.1834,-84.5333,5.75
Axum,63,ET,1644254865,62.92,41,14.1245,38.7244,5.55
Olafsvik,96,IS,1644254866,31.26,88,64.8945,-23.7142,34.47
Ayutla,71,MX,1644254866,73.78,24,20.1167,-104.3333,1.5
Rodolfo Sánchez Taboada,0,MX,1644254866,65.88,23,31.7167,-116.5667,7.43
Catió,26,GW,1644254867,86.13,46,11.2833,-15.25,12.68
Gijón,11,ES,1644254867,57.79,89,43.5357,-5.6615,8.01
São José da Coroa Grande,22,BR,1644254868,85.6,56,-8.8978,-35.1478,10.67
Noumea,99,NC,1644254691,75.18,89,-22.2763,166.4572,8.86
Nishihara,100,JP,1644254868,69.08,78,26.1842,127.7558,19.57
Bulawayo,6,ZW,1644254869,66.49,65,-20.15,28.5833,9.98
Kargopol',93,RU,1644254869,13.5,95,61.5071,38.9456,6.58
Bilibino,7,RU,1644254869,-16.74,76,68.0546,166.4372,4.59
Gunjur,6,GM,1644254870,78.3,50,13.2019,-16.7339,13.27
Svetlaya,15,RU,1644254870,7.79,74,46.5389,138.3297,9.15
Taperoá,20,BR,1644254870,93.69,27,-7.2075,-36.8267,6.62
Buraidah,0,SA,1644254871,59.45,30,26.326,43.975,5.44
Rize,32,TR,1644254871,22.59,64,40.9044,40.8949,8.08
Tuy Hoa,30,VN,1644254871,72.27,94,13.0833,109.3,2.44
Mana,75,GF,1644254872,82.2,73,5.6592,-53.7767,9.57
Antofagasta,3,CL,1644254872,74.21,58,-23.65,-70.4,9.57
Muros,8,ES,1644254853,63.68,67,42.7762,-9.0603,9.31
Coruripe,3,BR,1644254873,87.08,56,-10.1256,-36.1756,13.56
Solnechnyy,75,RU,1644254873,-8.91,97,50.7214,136.6319,3.4
Simbahan,93,PH,1644254874,80.56,76,6.3032,120.5836,4.32
Tara,21,RU,1644254874,6.4,88,56.8944,74.371,7.96
Lagoa,0,PT,1644254874,59.31,67,39.05,-27.9833,11.07
Sterling,100,US,1644254875,43.52,63,39.0062,-77.4286,3.0
Salalah,0,OM,1644254724,78.89,17,17.0151,54.0924,11.5
Sioux Lookout,75,CA,1644254875,7.18,78,50.1001,-91.917,6.91
Chumikan,55,RU,1644254875,-8.25,91,54.7183,135.315,10.74
Xinzhi,20,CN,1644254876,28.47,75,36.4989,111.7047,1.01
Darnah,45,LY,1644254876,60.93,69,32.767,22.6367,9.86
Westlock,99,CA,1644254876,44.96,75,54.1502,-113.8688,13.04
Yangjiang,86,CN,1644254781,59.95,92,21.85,111.9667,7.36
Terra Boa,1,BR,1644254877,85.6,35,-23.7681,-52.4442,9.46
Acajutla,13,SV,1644254877,89.94,50,13.5928,-89.8275,8.57
Dokka,50,NO,1644254878,23.99,96,60.84,10.0618,3.11
Puerto Escondido,0,MX,1644254878,83.23,74,15.85,-97.0667,4.61
Camacupa,100,AO,1644254878,64.51,76,-12.0167,17.4833,7.11
Springdale,0,US,1644254774,45.82,58,36.1867,-94.1288,5.75
Port-Gentil,40,GA,1644254879,84.16,79,-0.7193,8.7815,10.36
Isabela,92,PH,1644254879,78.69,78,6.7085,121.9711,2.53
Mackay,40,AU,1644254880,70.68,94,-21.15,149.2,8.05
Alofi,100,NU,1644254880,71.49,100,-19.0595,-169.9187,6.91
Poum,100,NC,1644254667,81.12,87,-20.2333,164.0167,28.66
Otukpo,41,NG,1644254880,95.49,10,7.1913,8.1329,5.61
Ostrovnoy,99,RU,1644254881,16.18,87,68.0531,39.5131,20.15
Laas,81,IT,1644254881,40.91,91,46.6166,10.7002,9.28
Copiapó,0,CL,1644254881,69.49,27,-27.3667,-70.3333,9.26
Lethem,96,GY,1644254882,93.94,39,3.3803,-59.7968,9.42
Evensk,48,RU,1644254620,-1.37,68,61.95,159.2333,8.52
Leticia,75,CO,1644254790,80.65,89,-4.2153,-69.9406,5.75
Chiang Klang,24,TH,1644254883,67.35,70,19.2938,100.8617,1.48
Vuktyl,100,RU,1644254883,2.32,91,63.8567,57.3094,2.91
Brae,100,GB,1644254883,44.51,94,60.3964,-1.353,31.52
Gobabis,100,NA,1644254884,76.17,42,-22.45,18.9667,6.53
Smyrna,100,US,1644254630,50.85,57,33.884,-84.5144,9.22
Kunya,19,NG,1644254884,80.76,21,12.2233,8.5325,9.22
St. George's,75,GD,1644254737,85.68,66,12.0564,-61.7485,24.16
Lusambo,100,CD,1644254885,76.87,76,-4.9667,23.45,1.5
Maïné Soroa,3,NE,1644254885,76.55,14,13.2114,12.0241,10.87
Toowoomba,1,AU,1644254885,56.25,92,-27.55,151.9667,3.0
Shakawe,77,BW,1644254886,75.45,57,-18.3667,21.85,5.12
Mugur-Aksy,95,RU,1644254669,-3.26,50,50.35,90.5,7.27
Progreso,20,MX,1644254886,79.11,78,21.2833,-89.6667,8.63
Udomlya,100,RU,1644254887,30.78,97,57.8794,34.9925,9.98
Santa Cruz de la Sierra,20,BO,1644254887,86.05,45,-17.8,-63.1667,17.27
Ribera,99,IT,1644254887,55.71,86,37.4984,13.2642,19.46
Shangrao,100,CN,1644254888,39.09,94,28.4532,117.9686,5.12
Bondo,27,CD,1644254888,80.29,26,3.8146,23.6866,2.59
Vilyuysk,100,RU,1644254888,-32.6,98,63.7553,121.6247,3.69
Luganville,100,VU,1644254889,81.48,78,-15.5333,167.1667,14.2
Oranjestad,9,AW,1644254771,79.21,79,12.524,-70.027,18.77
Ilulissat,100,GL,1644254684,10.42,67,69.2167,-51.1,20.71
La Ronge,40,CA,1644254889,32.25,59,55.1001,-105.2842,4.61
Marakkanam,68,IN,1644254824,76.42,69,12.2,79.95,11.65
